{
    "compat_patches": "on",
    "region": "auto",
    "version_spoofing": "on",
    "boot_workmode": "3",
    "p_sports": "50000",
    "p_drive": "14000",
    "i_sports": "50000",
    "i_drive": "28000",
    "i_eco": "16000",
    "max_speed_us": "45",
    "max_speed_eu": "45",
    "max_speed_de": "22",
    "direct_power_control": "off",
    "direct_power_control_curve": "flat",
    "current_raising_coefficient": "300",
    "motor_start_speed": "3",
    "brake_limit": "120",
    "brake_i_min": "6000",
    "brake_i_max": "35000",
    "kers_min_speed": "6",
    "brake_current_raising_coefficient": "500",
    "brake_light_mode": "stock",
    "brake_light_flash_frequency": "235",
    "cruise_control_delay": "5",
    "error_raising_level": "1",
    "wheel_size": "10.0"
}